article_timestamp,article_get_timestamp,src_url_id,src_xml_id,lastpublished_timestamp,article_title,img_url,article_url,pages_url,first16kb,author_name
1175985600,1383847541,9529bc1e3262b2869e1daeee91e8e17d,http://www.codeplex.com/tfsconsole/project/projectrss.aspx,1349131080,"NEW POST: Wish-list",,http://www.codeplex.com/tfsconsole/Thread/View.aspx?ThreadId=8959,http://tfsconsole.codeplex.com/project/feeds/rss,"<div>
Please share your thoughts - what would you like to see in this tool?<br></div>","TFS Management Console"
1398962721,1398977706,396e370343770af2b5d722dd70b1d474,http://feeds.feedburner.com/VocusBlog,1412269240,"Cheat Sheet: How to Use Facebook for PR and Marketing",,http://feedproxy.google.com/~r/VocusBlog/~3/yd708Uf3z3s/,http://www.vocus.com/blog,"<p><em>This post is an excerpt from our free &lsquo;<a href=""http://go.vocus.com/social-media-cheat-sheets?cid=70180000000pmfU&amp;source=Blog&amp;utm_source=newsrelease&amp;utm_medium=pr&amp;utm_campaign=socialmediacheatsheets"" target=""_blank"">Social Media Marketing and PR Cheat Sheets</a>&lsquo; guide.</em></p>
<p>Facebook is where people connect with friends,&nbsp;family, and brands. It&rsquo;s also where people share photos, but the number of photos uploaded to Facebook has decreased with the introduction of sites like Instagram and Snapchat.</p>
<div><a href=""http://go.vocus.com/social-media-cheat-sheets?cid=70180000000pmfU&amp;source=Blog&amp;utm_source=newsrelease&amp;utm_medium=pr&amp;utm_campaign=socialmediacheatsheets""><img alt=""Facebook Cheat Sheet"" src=""http://www.vocus.com/blog/wp-content/uploads/2014/04/Facebook-Cheat-Sheet-e1398883650540.jpg"" width=""600"" height=""290""></a><p>Download the Facebook Cheat Sheet and nine others by clicking the image above.</p></div>
<h5>The People:</h5>
<p>Facebook boasts a diverse audience although the largest segment is 18-29 year olds. It&rsquo;s somewhat more appealing to women; <a href=""http://www.pewinternet.org/2013/12/30/demographics-of-key-social-networking-platforms/"" target=""_blank"">Pew Research Center</a> finds 76 percent of women use Facebook versus 66 percent men.</p>
<p>Facebook users include 45 percent of the 65 years old or older demographic, a number that is up from 35 percent in 2012. Some marketers fear that an older audience will cause teenagers to abandon Facebook, but data and research&nbsp;contradicts that concern. Tom Webster of Edison Research suggests growth has stagnated due to&nbsp;reaching a saturation point rather<span>&nbsp;</span>than abandonment. In addition, Facebook has a strong hold on the Internet. Webster calls it the &ldquo;plumbing&rdquo; because many people use Facebook to log into sites with social logins.</p>
<h5>The Challenges:</h5>
<p>Facebook, like other social networks, has introduced native advertising. Brands that use the network to market themselves will have to pay to stay in the social media game.</p>
<h5>The Tips:</h5>
<p><img alt=""Facebook - Social Media Marketing Updates"" src=""http://www.vocus.com/blog/wp-content/uploads/2013/05/Facebook_icon.svg_-e1379104307908.png"" width=""150"" height=""150"">1. Get your community involved. Starbucks posts photos from its Instagram account, but many of those photos aren&rsquo;t original to the company. They&rsquo;re taken by Starbucks brand aficionados.</p>
<p>2. Make your content mobile friendly if you want it to be shared. According to <a href=""http://www.businessinsider.com/a-primer-on-facebook-demographics-2013-10"" target=""_blank"">Business Insider</a>, Facebook is the most popular social media app on smartphones and accounts for 66 percent of total media sharing on iPhones.</p>
<p>3. Optimize your Facebook page for Graph Search. If you want to be found on Facebook, have the correct category and contact information. You want your page to show up if someone searches for a term specific to your business.</p>
<p>4. Invest some time and money in Facebook Ads and Offers. Organic reach has and will continue to decline. Even if you have a strong community, you&rsquo;ll want to pursue paid advertising options.</p>
<p>5. Facebook users like photos; they <a href=""http://www.digitaltrends.com/social-media/according-to-facebook-there-are-350-million-photos-uploaded-on-the-social-network-daily-and-thats-just-crazy/#!CxnKL"" target=""_blank"">upload at least 350 million</a> every day. Take advantage of their affinity. According to Ekaterina Walter, &ldquo;Content with compelling visual content receives 94 percent more total views.&rdquo;<br><em></em></p>
<p>6. For official guidance, visit <a href=""https://www.facebook.com/business/"" target=""_blank"">Facebook for Business</a>.<em><br></em></p>
<p><a href=""http://go.vocus.com/social-media-cheat-sheets?cid=70180000000pmfU&amp;source=Blog&amp;utm_source=newsrelease&amp;utm_medium=pr&amp;utm_campaign=socialmediacheatsheets"" target=""_blank""><span><em><strong>Want cheat sheets for Twitter, LinkedIn and 7 other networks? Get them free now!</strong></em></span></a></p>
<div>
<a href=""http://feeds.feedburner.com/~ff/VocusBlog?a=yd708Uf3z3s:mvqnKN5vKHQ:yIl2AUoC8zA""><img src=""http://feeds.feedburner.com/~ff/VocusBlog?d=yIl2AUoC8zA"" border=""0""></a> <a href=""http://feeds.feedburner.com/~ff/VocusBlog?a=yd708Uf3z3s:mvqnKN5vKHQ:V_sGLiPBpWU""><img src=""http://feeds.feedburner.com/~ff/VocusBlog?i=yd708Uf3z3s:mvqnKN5vKHQ:V_sGLiPBpWU"" border=""0""></a> <a href=""http://feeds.feedburner.com/~ff/VocusBlog?a=yd708Uf3z3s:mvqnKN5vKHQ:qj6IDK7rITs""><img src=""http://feeds.feedburner.com/~ff/VocusBlog?d=qj6IDK7rITs"" border=""0""></a> <a href=""http://feeds.feedburner.com/~ff/VocusBlog?a=yd708Uf3z3s:mvqnKN5vKHQ:gIN9vFwOqvQ""><img src=""http://feeds.feedburner.com/~ff/VocusBlog?i=yd708Uf3z3s:mvqnKN5vKHQ:gIN9vFwOqvQ"" border=""0""></a> <a href=""http://feeds.feedburner.com/~ff/VocusBlog?a=yd708Uf3z3s:mvqnKN5vKHQ:7Q72WNTAKBA""><img src=""http://feeds.feedburner.com/~ff/VocusBlog?d=7Q72WNTAKBA"" border=""0""></a> <a href=""http://feeds.feedburner.com/~ff/VocusBlog?a=yd708Uf3z3s:mvqnKN5vKHQ:I9og5sOYxJI""><img src=""http://feeds.feedburner.com/~ff/VocusBlog?d=I9og5sOYxJI"" border=""0""></a>
</div>","Vocus Blog"
1399195662,1399280899,641ca3b43d35162c67c7be9a64d3b535,http://www.nymag.com/rss/Art.xml,1410650608,"Justin Davidsons Want-to-Sees",,http://nymag.com/guides/fallpreview/2009/architecture/58447/,http://nymag.com/,"<img src=""http://images.nymag.com/guides/fallpreview/2009/architecture/wanttosee090831_560.jpg"">What our critic is most eager for this fall.","nymag.com: Art"
1398821307,1399019375,488d5832d951d337e55a324a8a743bf5,http://www.millionreasonswhylithuaniaisthebestcountryintheworld.com/lt/rss/,1412287468,#9895,,http://www.millionreasonswhylithuaniaisthebestcountryintheworld.com/lt/9895/,http://www.millionreasonswhylithuaniaisthebestcountryintheworld.com/,"<img src=""http://www.millionreasonswhylithuaniaisthebestcountryintheworld.com/im/lt/2014/04_30/44851.jpg""><br><br>&Scaron;ikau ir tap&scaron;nojau","Milijonas priežasčių kodėl Lietuva yra geriausia šalis pasaulyje"
1392035460,1392145546,018b70d05854d304cb7e690e5cfc244b,http://icecreamtapes.com/feed/,1393195320,"Stiff Lauren Until I Win",,http://icecreamtapes.com/mixtapes/stiff-lauren-until-i-win/,http://icecreamtapes.com/,,Icecreamtapes
1399314508,1399346249,e95a092fa573ad7d60d89a30395a1c2d,http://sobremicadaver.tumblr.com/rss,1412197819,Photo,,http://sobremicadaver.tumblr.com/post/84842983542,http://sobremicadaver.tumblr.com/,"<img src=""http://31.media.tumblr.com/19f29fe9c1cd9cb0192a8b6e97a2aa26/tumblr_n52hocgV2Q1rc2ub3o1_500.jpg""><br><br>","Por encima de mi cadáver"
1398260619,1398260619,05e4f4ac1449bf4e3196149cb374dceb,http://metadata.osa.org/rss/infobase/josab_feed.xml,1412332616,"Initiating self-focusing of beams carrying spatial phase singularities",,http://www.opticsinfobase.org/abstract.cfm?URI=josab-31-5-1159,http://josab.osa.org/,"Lyubomir Stoyanov, Georgi Maleshkov, Ivan Stefanov, Alexander Dreischuh&lt;br/&gt;In this work, we show both experimentally and by numerical simulations that the presence and evolution of a ring dark beam and/or an on-axis optical vortex nested on a bright background beam noticeably perturb the host background. In a photorefractive nonlinear medium (crystal SBN) these ... [J. Opt. Soc. Am. B 31, 1159-1164 (2014)]","Journal of the Optical Society of America B"
1401923828,1401926605,5e682f0d2483d5c17e2e2e0729638888,http://ethnikerotika.tumblr.com/rss,1404525686,"princejames3000:

Sexxxy",,http://ethnikerotika.tumblr.com/post/87839246401,http://ethnikerotika.tumblr.com/,"<img src=""http://37.media.tumblr.com/f79d79a49026b954c38b7314e3f2dda8/tumblr_mo1qdgoPHa1s2hhfjo1_500.jpg""><br><br><p><a href=""http://princejames3000.tumblr.com/post/52415100782/sexxxy"">princejames3000</a>:</p>
<blockquote>
<p>Sexxxy</p>
</blockquote>",ethnikerotika
1311989580,1383833403,a3a5186be916185e047841c855dfb605,http://www.animefushigi.com/anime/baka-to-test-to-shoukanjuu/baka-to-test-to-shoukanjuu-ni/feed,1317438540,"Baka to Test to Shoukanjuu Ni! Episode 4",,http://www.animefushigi.com/watch/baka-to-test-to-shoukanjuu-ni-episode-4,http://www.animefushigi.com/,,"Anime Fushigi » Baka to Test to Shoukanjuu Ni!"
1380584160,1383826368,ff68f480476f8ec9e6e5d796dc4f38dc,http://opanca.blogspot.com/feeds/posts/default,1409578800,"Folha de S. Paulo - Setembro",,http://feedproxy.google.com/~r/TirinhasDoPana-QuadrinhosDeHumor/~3/xaIaEb711PA/folha-de-s-paulo-setembro.html,http://www.teoeominimundo.com.br/,"Ilustra&ccedil;&otilde;es da coluna do empres&aacute;rio <b>Pedro Luiz Passos </b>no caderno <b>Mercad</b>o da <b>Folha de S. Paulo</b>. Edi&ccedil;&otilde;es de 13 e 27 de Setembro. Clique na imagem para ler o artigo.<br><br><br><div>
<a href=""http://www1.folha.uol.com.br/colunas/pedropassos/2013/09/1341344-caminho-para-a-internacionalizacao.shtml"" target=""_blank""><img border=""0"" height=""290"" src=""http://1.bp.blogspot.com/-28u7AWgAKcU/UkoJsjV7mTI/AAAAAAAAUbw/-1FIHfVpRAs/s640/Folha-Mercado-13092013.jpg"" width=""640""></a></div>
<div>
<b><a href=""http://www1.folha.uol.com.br/colunas/pedropassos/2013/09/1341344-caminho-para-a-internacionalizacao.shtml"" target=""_blank"">""Caminho para a internacionaliza&ccedil;&atilde;o""</a></b></div>
<br><br><div>
<a href=""http://www1.folha.uol.com.br/colunas/pedropassos/2013/09/1348230-a-urgencia-da-competicao.shtml"" target=""_blank""><img border=""0"" height=""290"" src=""http://3.bp.blogspot.com/--_NFFQVbrG8/UkoJvhfJWaI/AAAAAAAAUb4/QB0GxkBaFU4/s640/Folha-Mercado-27092013.jpg"" width=""640""></a></div>
<div>
<a href=""http://www1.folha.uol.com.br/colunas/pedropassos/2013/09/1348230-a-urgencia-da-competicao.shtml"" target=""_blank""><b>""A urg&ecirc;ncia da competi&ccedil;&atilde;o""</b></a></div>
<br><img src=""http://feeds.feedburner.com/~r/TirinhasDoPana-QuadrinhosDeHumor/~4/xaIaEb711PA"" height=""1"" width=""1"">","Téo &amp; O Mini Mundo - Tirinhas, Quadrinhos e Ilustrações"
1384671120,1384774416,d44f2d52d9f2f92d748dc994f472dc1e,http://mylifeasakitten.tumblr.com/rss,1386889800,"Beyonce. Sucks. Balls. Not just any balls though. Talent-less, overrated, narcissistic balls.",,http://mylifeasakitten.tumblr.com/post/67234189613,http://mylifeasakitten.tumblr.com/,"<p>get out you&rsquo;re dead to me</p>",mylifeasakitten
1397716413,1397716413,75b6b2e4d36c3074595d0d42db2c6c1e,"http://turktorrent.biz/rss.php?secret_key=fde39b2fe5b0a6bee062f48c729d0afb&feedtype=details&timezone=3&showrows=50&categories=40,41,42,43,88,89,96,30,33,31,82,56,34,35,86,36,37,51,52,80,81,53,54,94,95,47,74,48,92,73,93,91,57,58,77,84,83,66,67,3,16,87,32,22,59,7,29,5,6,62,10,79,85,12,13,24,25,78,90,60,17,76,69",1397764212,"Kara Para Ask BL 6 (15.04.2014) HDTVRip XviD",http://turktorrent.cc/,http://turktorrent.cc/details.php?id=132089,http://turktorrent.cc/,"Uploader: Anonymous / Category: Trk Dizileri / Seeders: 21 / Leechers: 27 / Size: 763.83 MB / Snatched: 25 x times<br><br><div><div><div><div>Kara Para Ask BL 6 (15.04.2014) HDTVRip XviD</div></div></div><br><br><span><span>&nbsp;</span> <a href=""http://imageresim.com/images/43568592644294464026.jpg"" alt=""""><img src=""http://imageresim.com/images/43568592644294464026.jpg"" border=""0"" alt="""" onload=""TSResizeImage(this, '201933904_069f78378660983dc38ba00021a016d0');""></a></span><br><br><span><span>&nbsp;</span> <a href=""http://imageresim.com/images/44089399880619762390.png"" alt=""""><img src=""http://imageresim.com/images/44089399880619762390.png"" border=""0"" alt="""" onload=""TSResizeImage(this, '922383825_e062d87a71fc2a5c79b1892584b31325');""></a></span><br><br><div><div><span><span>&nbsp;</span> <a href=""http://www.imageresim.com/images/83124576375734844496.gif"" alt=""""><img src=""http://www.imageresim.com/images/83124576375734844496.gif"" border=""0"" alt="""" onload=""TSResizeImage(this, '1360114022_fcb6721db52d4bee3bac1e5341c628e4');""></a></span>Sevgili Arkadalar ndirdiiniz Sunumlarda Ya Da Eklenen Sunumlarda ""</div></div><div><div>Teekkr Et</div></div><div><div>"" Butonuna Basmay Unutmaynz. Bunu Alkanlk Haline Getiriniz. Emee Sayg Ltfen!!!</div></div><br><div><div>Hit&amp;Run</div></div> <div><div>(</div></div><div><div>ndir&amp;Ka</div></div><div><div>) Oran (Ratio) Sitede Her Dosya in</div></div> <div><div>0.60</div></div><div><div>'tr (Aksi Belirtilmedikce). Bu Deerin</div></div> <div><div>(</div></div><div><div>0.60</div></div><div><div>) Altnda Kalrsanz Uyar</div></div> <div><div>Alrsnz.<br>
5 Uyar Alan Otomatik Banlanr. Onun in Paylamda Kalnz. Torrent Ayarlarnz Yapnz.<br>
Sitedeki Genel Ratio En Az </div></div><div><div>0.80</div></div> <div><div>Olmaldr, Aksi Taktirde Sistem Otomatik Uyar Verir Ve 2 Hafta inde Dzeltmezseniz Hesabnz Otomatik Kapanr.<br>
Sitedeki Kurallar Mutlaka Okuyunuz. Kurallar hlal Ederseniz Hesabnz Kapanabilir. <br>
( <a href=""http://turktorrent.cc/rules.php"">http://turktorrent.cc/rules.php</a> )<br>
Bir Sorunla Karlatnzda Ya Da Sorunuz Olduunda Ltfen Ynetime Mesaj Atnz.<br>
( <a href=""http://www.turktorrent.cc/contactstaff.php"" target=""_blank"">http://www.turktorrent.cc/contactstaff.php</a> )</div></div></div>","TurkTorrent.cc RSS Syndicator"
1397865658,1397865658,87c19df1fff646abc58ae363bf3abc0f,http://feedity.com/rss.aspx/theseus-fi/UFJbV1dX,1412319416,"Tuotepaketeista voimaa urheilumatkailuun : Kouvolan seudun liikuntakeskusten tuotteistaminen",http://feedity.com/images/feedity-logo-small.gif,http://feedity.com/hop.aspx?BcFRCoAgDADQf8GrOJ2DottYLjYQEzbv33u1nEQUg7gvuwDWvoc%2BzfWbllzYeFt6FaTNPhhKzkhwIFWMAfMP,https://publications.theseus.fi/browse?order=DESC&amp;type=dateaccessioned,,"THESEUS - Selaus syöttöajan mukaan"
1397660320,1397672585,054b0a86c37a7edb46347fcafc5959dd,http://feed.tipsplus.me/TipsPlusMe,1412315877,"如何定制 Windows Phone 8.1 开始屏幕背景壁纸",,http://tipsplus.me/2014/04/diy-wp-8-1-start-screen-wallpaper.html,http://tipsplus.me/,"<p><img title=""&#22914;&#20309;&#23450;&#21046; Windows Phone 8.1 &#24320;&#22987;&#23631;&#24149;&#32972;&#26223;&#22721;&#32440;&#12304;&#22270;&#12305;"" alt=""&#22914;&#20309;&#23450;&#21046; Windows Phone 8.1 &#24320;&#22987;&#23631;&#24149;&#32972;&#26223;&#22721;&#32440;"" src=""http://tipsplus.me/wp-content/uploads/2014/04/145843vnD.png""></p>
<p><a href=""http://tipsplus.me/tag/windows-phone-8-1"" target=""_blank"">Windows Phone 8.1</a>&nbsp;&#20013;&#26032;&#22686;&#20102;&#24320;&#22987;&#23631;&#24149;&#30340;&#32972;&#26223;&#22721;&#32440;&#25903;&#25345;&#65292;&#25509;&#19979;&#26469;&#30340;&#38382;&#39064;&#23601;&#26159;&#22914;&#20309;&#25214;&#21040;&#22909;&#30475;&#32784;&#30475;&#19981;&#26434;&#20081;&#30340; WP8.1 &#24320;&#22987;&#23631;&#24149;&#22721;&#32440;&#12290;&#22914;&#26524;&#20320;&#24050;&#32463;&#25214;&#21040;&#28385;&#24847;&#30340;&#22721;&#32440;&#65292;&#21487;&#20197;&#22312; WP8.1 &#25163;&#26426;&ldquo;&#35774;&#32622; &gt; &#24320;&#22987;&#23631;&#24149; + &#20027;&#39064;&rdquo;&#20013;&#36873;&#25321;&#29031;&#29255;&#35774;&#32622;&#12290;</p>
<p>&#22914;&#26524;&#36824;&#26410;&#25214;&#21040;&#28385;&#24847;&#30340;&#22721;&#32440;&#65292;&#21017;&#21487;&#20197;&#32487;&#32493;&#38405;&#35835;&#12290;&#25105;&#20010;&#20154;&#30340;&#22721;&#32440;&#25361;&#36873;&#20027;&#35201;&#21407;&#21017;&#65292;&#26159;<strong>&#22270;&#26696;&#31616;&#21333;&#12289;&#39068;&#33394;&#20559;&#28145;</strong>&#65292;&#19979;&#38754;&#26159;&#25512;&#33616;&#30340; 4 &#31181;&#33719;&#24471;&#20248;&#31168;&#22721;&#32440;&#30340;&#36884;&#24452;&#65306;</p>
<p><strong>1. &#31995;&#32479;&#22721;&#32440;</strong></p>
<p>&#26080;&#35770;&#26159; Windows 8.1 &#31995;&#32479;&#22721;&#32440;&#21644;&#38145;&#23631;&#22721;&#32440;&#12289;WP8 &#30340;&#22721;&#32440;&#12289;&#36824;&#26159; Mac&#12289;iOS&#12289;Android &#20869;&#32622;&#30340;&#22721;&#32440;&#65292;&#22823;&#37096;&#20998;&#37117;&#36866;&#21512;&#35774;&#32622;&#20026; WP8.1 &#24320;&#22987;&#23631;&#24149;&#30340;&#22721;&#32440;&#12290;&#22312;&#30005;&#33041;&#19978;&#19979;&#36733;&#22721;&#32440;&#20043;&#21518;&#65292;&#21487;&#20197;&#36890;&#36807;&nbsp;Windows Phone &#21516;&#27493;&#24037;&#20855;&#25110;&#32773; OneDrive &#21516;&#27493;&#21040;&#25163;&#26426;&#20013;&#12290;</p>
<p><strong>2. PolyScreen</strong></p>
<p><img title=""&#22914;&#20309;&#23450;&#21046; Windows Phone 8.1 &#24320;&#22987;&#23631;&#24149;&#32972;&#26223;&#22721;&#32440;&#12304;&#22270;&#12305;"" alt=""&#22914;&#20309;&#23450;&#21046; Windows Phone 8.1 &#24320;&#22987;&#23631;&#24149;&#32972;&#26223;&#22721;&#32440;"" src=""http://tipsplus.me/wp-content/uploads/2014/04/145851Xod.jpg""></p>
<p>PolyScreen &#26159;&#19968;&#27454;&#20960;&#20309;&#26865;&#35282;&#30340;&#22721;&#32440;&#29983;&#25104;&#24037;&#20855;&#65292;&#20320;&#21487;&#20197;&#35774;&#32622;&#20960;&#20309;&#22823;&#23567;&#65288;&#36234;&#23567;&#23631;&#24149;&#19978;&#26865;&#35282;&#36234;&#22810;&#65289;&#21644;&#39068;&#33394;&#65292;&#20445;&#23384;&#23601;&#21487;&#20197;&#19979;&#36733;&#21040;&#25163;&#26426;&#29031;&#29255;&#20013;&#12290;<a href=""http://windowsphone.com/s?appid=e4f85733-9f8c-4099-9a74-2e894698d50c"" target=""_blank"">&#30452;&#25509;&#20813;&#36153;&#19979;&#36733;</a>&#65288;&#32654;&#22269;&#21306;&#65289;&#65306;</p>
<p><img title=""&#22914;&#20309;&#23450;&#21046; Windows Phone 8.1 &#24320;&#22987;&#23631;&#24149;&#32972;&#26223;&#22721;&#32440;&#12304;&#22270;&#12305;"" alt=""&#22914;&#20309;&#23450;&#21046; Windows Phone 8.1 &#24320;&#22987;&#23631;&#24149;&#32972;&#26223;&#22721;&#32440;"" src=""http://tipsplus.me/wp-content/uploads/2014/04/145857Y8s.png""></p>
<p><strong>3. Start Screen Customizer</strong></p>
<p><img title=""&#22914;&#20309;&#23450;&#21046; Windows Phone 8.1 &#24320;&#22987;&#23631;&#24149;&#32972;&#26223;&#22721;&#32440;&#12304;&#22270;&#12305;"" alt=""&#22914;&#20309;&#23450;&#21046; Windows Phone 8.1 &#24320;&#22987;&#23631;&#24149;&#32972;&#26223;&#22721;&#32440;"" src=""http://tipsplus.me/wp-content/uploads/2014/04/145901qhF.jpg""></p>
<p>Start Screen Customizer &#26159;&#19968;&#27454;&#32431;&#33394;&#12289;&#36807;&#28193;&#33394;&#22721;&#32440;&#29983;&#25104;&#24037;&#20855;&#65292;&#21487;&#20197;&#23454;&#29616;&#31995;&#32479;&#20027;&#39064;&#33394;&#19981;&#25903;&#25345;&#30340;&#39068;&#33394;&#26041;&#26696;&#65292;&#20063;&#21487;&#20197;&#22721;&#32440;&#28388;&#38236;&#22788;&#29702;&#12290;<a href=""http://windowsphone.com/s?appid=087fa43e-7951-4da4-9403-6a26ab013ff4"" target=""_blank"">&#36825;&#37324;&#20813;&#36153;&#19979;&#36733;</a>&#65306;</p>
<p><img title=""&#22914;&#20309;&#23450;&#21046; Windows Phone 8.1 &#24320;&#22987;&#23631;&#24149;&#32972;&#26223;&#22721;&#32440;&#12304;&#22270;&#12305;"" alt=""&#22914;&#20309;&#23450;&#21046; Windows Phone 8.1 &#24320;&#22987;&#23631;&#24149;&#32972;&#26223;&#22721;&#32440;"" src=""http://tipsplus.me/wp-content/uploads/2014/04/145907erM.png""></p>
<p><strong>4. &#29233;&#22721;&#32440;</strong></p>
<p><img title=""&#22914;&#20309;&#23450;&#21046; Windows Phone 8.1 &#24320;&#22987;&#23631;&#24149;&#32972;&#26223;&#22721;&#32440;&#12304;&#22270;&#12305;"" alt=""&#22914;&#20309;&#23450;&#21046; Windows Phone 8.1 &#24320;&#22987;&#23631;&#24149;&#32972;&#26223;&#22721;&#32440;"" src=""http://tipsplus.me/wp-content/uploads/2014/04/145909MY1.jpg""></p>
<p>&#29233;&#22721;&#32440;&#26159;&#19987;&#19994;&#22721;&#32440;&#25512;&#33616;&#24212;&#29992;&#65292;&#25552;&#20379;&#28023;&#37327;&#22721;&#32440;&#25512;&#33616;&#65292;<a href=""http://www.windowsphone.com/s?appid=ea41b3b1-1533-4946-ab5d-412a61ca8ade"" target=""_blank"">&#36825;&#37324;&#20813;&#36153;&#19979;&#36733;</a>&#65306;</p>
<p><img title=""&#22914;&#20309;&#23450;&#21046; Windows Phone 8.1 &#24320;&#22987;&#23631;&#24149;&#32972;&#26223;&#22721;&#32440;&#12304;&#22270;&#12305;"" alt=""&#22914;&#20309;&#23450;&#21046; Windows Phone 8.1 &#24320;&#22987;&#23631;&#24149;&#32972;&#26223;&#22721;&#32440;"" src=""http://tipsplus.me/wp-content/uploads/2014/04/145911YGB.png""></p>
<p>Windows Phone 8.1 &#20013;&#22914;&#26524;&#24320;&#21551;&#20102; Cortana&#65292;Bing Vision &#23601;&#20250;&#34987;&#38544;&#34255;&#65292;&#20294;&#21487;&#20197;&#22312;&#30456;&#26426;&#38236;&#22836;&#24212;&#29992;&#20013;&#25214;&#21040; Bing Vision &#24320;&#22987;&#25195;&#25551;&#20108;&#32500;&#30721;&#65292;&#21478;&#22806;&#38750; HTC &#29992;&#25143;&#21487;&#20197;&#36890;&#36807;&nbsp;<a href=""http://www.windowsphone.com/s?appid=6c83cb68-dd58-46ea-a316-9aa34b2cfd0c"" target=""_blank"">Clock Hub</a>&nbsp;&#22312;&#24320;&#22987;&#23631;&#24149;&#19978;&#21152;&#19978;&#26102;&#38047;&#30913;&#36148;&#12290;</p>
<p>via&#65306;<a href=""http://livesino.net/archives/6831.live"">Livesino</a></p>
<table cellspacing=""0"" cellpadding=""3"" border=""0""><tr><td colspan=""5""><b>&#30456;&#20851;&#25991;&#31456;&#65306;</b></td>
    </tr><tr><td width=""119"" valign=""top"">
                    <a target=""_blank"" title=""&#24494;&#36719;&#27491;&#24335;&#23459;&#24067; Windows Phone 8.1 &#21644; Cortana"" href=""http://app.wumii.com/ext/redirect?url=http%3A%2F%2Ftipsplus.me%2F2014%2F04%2Fintroducing-windows-phone-8-1-and-cortana.html&amp;from=http%3A%2F%2Ftipsplus.me%2F2014%2F04%2Fdiy-wp-8-1-start-screen-wallpaper.html"">
                        <img src=""http://static.wumii.cn/site_images/ti/ODr8Gu7O.jpg?i=avpHfbdz"" width=""113px"" height=""113px"" title=""&#22914;&#20309;&#23450;&#21046; Windows Phone 8.1 &#24320;&#22987;&#23631;&#24149;&#32972;&#26223;&#22721;&#32440;&#12304;&#22270;&#12305;"" alt=""&#22914;&#20309;&#23450;&#21046; Windows Phone 8.1 &#24320;&#22987;&#23631;&#24149;&#32972;&#26223;&#22721;&#32440;""><br>&#24494;&#36719;&#27491;&#24335;&#23459;&#24067; Windows Phone 8.1 &#21644; Cortana
                    </a>
                </td>
                <td width=""119"" valign=""top"">
                    <a target=""_blank"" title=""&#35753;Windows Phone&#30340;WiFi&#36830;&#25509;&#27704;&#19981;&#26029;"" href=""http://app.wumii.com/ext/redirect?url=http%3A%2F%2Ftipsplus.me%2F2012%2F07%2Fkeep-wifi-alive-for-windows-phone.html&amp;from=http%3A%2F%2Ftipsplus.me%2F2014%2F04%2Fdiy-wp-8-1-start-screen-wallpaper.html"">
                        <img src=""http://static.wumii.cn/site_images/ti/6vdYnTdT.jpg?i=2QhwpTpe"" width=""113px"" height=""113px"" title=""&#22914;&#20309;&#23450;&#21046; Windows Phone 8.1 &#24320;&#22987;&#23631;&#24149;&#32972;&#26223;&#22721;&#32440;&#12304;&#22270;&#12305;"" alt=""&#22914;&#20309;&#23450;&#21046; Windows Phone 8.1 &#24320;&#22987;&#23631;&#24149;&#32972;&#26223;&#22721;&#32440;""><br>&#35753;Windows Phone&#30340;WiFi&#36830;&#25509;&#27704;&#19981;&#26029;
                    </a>
                </td>
                <td width=""119"" valign=""top"">
                    <a target=""_blank"" title=""Orientation Lock &#19968;&#27454;&#24555;&#36895;&#38145;&#23450;Windows Phone&#23631;&#24149;&#30340;&#24037;&#20855;"" href=""http://app.wumii.com/ext/redirect?url=http%3A%2F%2Ftipsplus.me%2F2012%2F04%2Forientation-lock-is-a-fast-lock-the-screen-tool-for-windows-phone.html&amp;from=http%3A%2F%2Ftipsplus.me%2F2014%2F04%2Fdiy-wp-8-1-start-screen-wallpaper.html"">
                        <img src=""http://static.wumii.cn/site_images/ti/94Z6rurA.jpg?i=kzdVatYH"" width=""113px"" height=""113px"" title=""&#22914;&#20309;&#23450;&#21046; Windows Phone 8.1 &#24320;&#22987;&#23631;&#24149;&#32972;&#26223;&#22721;&#32440;&#12304;&#22270;&#12305;"" alt=""&#22914;&#20309;&#23450;&#21046; Windows Phone 8.1 &#24320;&#22987;&#23631;&#24149;&#32972;&#26223;&#22721;&#32440;""><br>Orientation Lock &#19968;&#27454;&#24555;&#36895;&#38145;&#23450;Windows Phone&#23631;&#24149;&#30340;&#24037;&#20855;
                    </a>
                </td>
                <td width=""119"" valign=""top"">
                    <a target=""_blank"" title=""&#12304;&#35270;&#39057;&#12305;Windows Phone&#31995;&#32479;&#23545;&#27604;&#65306;Mango VS Tango"" href=""http://app.wumii.com/ext/redirect?url=http%3A%2F%2Ftipsplus.me%2F2012%2F06%2Fthe-windows-phone-mango-vs-windows-phone-the-the-tango-video.html&amp;from=http%3A%2F%2Ftipsplus.me%2F2014%2F04%2Fdiy-wp-8-1-start-screen-wallpaper.html"">
                        <img src=""http://static.wumii.cn/site_images/ti/15InKmWy3.jpg?i=fVhJOanK"" width=""113px"" height=""113px"" title=""&#22914;&#20309;&#23450;&#21046; Windows Phone 8.1 &#24320;&#22987;&#23631;&#24149;&#32972;&#26223;&#22721;&#32440;&#12304;&#22270;&#12305;"" alt=""&#22914;&#20309;&#23450;&#21046; Windows Phone 8.1 &#24320;&#22987;&#23631;&#24149;&#32972;&#26223;&#22721;&#32440;""><br>&#12304;&#35270;&#39057;&#12305;Windows Phone&#31995;&#32479;&#23545;&#27604;&#65306;Mango VS Tango
                    </a>
                </td>
                <td width=""119"" valign=""top"">
                    <a target=""_blank"" title=""&#20840;&#26032;Skype&#30331;&#38470;Windows Phone 8"" href=""http://app.wumii.com/ext/redirect?url=http%3A%2F%2Ftipsplus.me%2F2012%2F10%2Fnew-skype-for-windows-phone-8-detailed-video.html&amp;from=http%3A%2F%2Ftipsplus.me%2F2014%2F04%2Fdiy-wp-8-1-start-screen-wallpaper.html"">
                        <img src=""http://static.wumii.cn/site_images/ti/2pvhbVV7.jpg?i=e9YjUaqR"" width=""113px"" height=""113px"" title=""&#22914;&#20309;&#23450;&#21046; Windows Phone 8.1 &#24320;&#22987;&#23631;&#24149;&#32972;&#26223;&#22721;&#32440;&#12304;&#22270;&#12305;"" alt=""&#22914;&#20309;&#23450;&#21046; Windows Phone 8.1 &#24320;&#22987;&#23631;&#24149;&#32972;&#26223;&#22721;&#32440;""><br>&#20840;&#26032;Skype&#30331;&#38470;Windows Phone 8
                    </a>
                </td>
        </tr><tr><td colspan=""5"" align=""right"">
            <a href=""http://www.wumii.com/widget/relatedItems"" target=""_blank"" title=""&#26080;&#35269;&#20851;&#32852;&#25512;&#33616;"">
                &#26080;&#35269;
            </a>
        </td>
    </tr></table><div>
<a href=""http://feed.tipsplus.me/~ff/TipsPlusMe?a=wjkv-U9l-3o:skgcyEsuRE4:yIl2AUoC8zA""><img src=""http://feeds.feedburner.com/~ff/TipsPlusMe?d=yIl2AUoC8zA"" border=""0""></a>
</div><img src=""http://feeds.feedburner.com/~r/TipsPlusMe/~4/wjkv-U9l-3o"" height=""1"" width=""1"">",TipsPlus.Me
1399986900,1399989518,aecaf7776b356e50a76f7fd47325c1ca,http://www.democracyjournal.org/arguments/atom.xml,1412255700,"Climate Abolitionism and the Economy Lie",,http://www.democracyjournal.org/arguments/2014/05/climate-abolitionism-and-the-economy-lie.php,http://www.democracyjournal.org/arguments/,"<p>Monday brought climate news that can only be described as, well, frightening. An <a href=""http://www.nytimes.com/2014/05/13/science/earth/collapse-of-parts-of-west-antarctica-ice-sheet-has-begun-scientists-say.html?hp&amp;_r=0"">apparently-unstoppable melting process</a> of the huge West Antarctica ice sheet has begun, which will almost certainly lead to long-feared rises in sea levels. The total rise over the next few centuries could be ten feet or more&mdash;far beyond the point that would be catastrophic for millions living in coastal areas.  <br><br><br><a href=""http://www.democracyjournal.org/arguments/Antarctica.jpg""><img alt=""Antarctica.jpg"" src=""http://www.democracyjournal.org/arguments/assets_c/2014/05/Antarctica-thumb-400x200-506.jpg"" width=""400"" height=""200""></a></p>
        <p> The news provides a good reason to read&mdash;if you haven&rsquo;t already&mdash;Chris Hayes&rsquo;s <a href=""http://www.thenation.com/article/179461/new-abolitionism?page=full"">recent essay in <em>The Nation</em></a> calling climate activism &ldquo;the New Abolitionism.&rdquo; Hayes is careful to insist that &ldquo;there is absolutely no conceivable moral comparison&rdquo; between carbon emissions and chattel slavery. Instead, the essay is intended to draw attention to an overlooked economic point: Because slavery was connected to an unbelievable amount of America&rsquo;s prewar wealth, calling for its elimination was an almost unthinkably radical demand. Before the Civil War, slaves represented about 16 percent of total household assets in the entire country, and they were at the center of the booming Southern cotton industry. Abolition was therefore not just a moral crusade; it was a call for the dismantling of an entire system of wealth and labor. </p> 

<p>For understandable reasons, most people today don&rsquo;t think of abolitionist politics as a form of economic radicalism. But Hayes&rsquo;s piece helps illuminate an important parallel between the abolitionist era and our own. Just as with slavery, climate activists should never allow their opponents to confuse economic arguments with plutocratic ones. Slavery might have been central to the prewar Southern economy, but it wasn&rsquo;t good for it. Instead, it was &ldquo;a kind of crutch,&rdquo; allowing the South to over-rely on a form of labor &ldquo;that stunts economic diversification and development.&rdquo; While the North built up manufacturing capacity, the South remained an economic backwater, &ldquo;largely mired,&rdquo; Hayes notes, &ldquo;in the pre-industrial age.&rdquo; Slaveowners defending their peculiar institution challenged their opponents to imagine a world without King Cotton. But examined closely, this wasn&rsquo;t a defense of the Southern economy&mdash;it was a defense of a certain arrangement of the cotton industry. Confusing the two allowed a wealthy slave- and land-owning class to defend its special interests while actually harming the broader economy. </p>

<p>Climate denialists rely on a similar confusion of plutocratic arguments with economic ones. Appearing on ABC&rsquo;s &ldquo;This Week&rdquo; this past Sunday, Marco Rubio <a href=""http://abcnews.go.com/ThisWeek/week-transcript-defense-secretary-chuck-hagel-sen-marco/story?id=23667691&amp;singlePage=true"">announced his disbelief</a> in human-caused global warming and declared, &ldquo;I do not believe that the laws that they propose we pass will do anything about it. Except it will destroy our economy.&rdquo; <a href=""http://nymag.com/daily/intelligencer/2014/05/krauthammer-george-will-attack-climate-science.html"">Charles Krauthammer asserts</a> that &ldquo;all that we&rsquo;re doing is committing economic suicide in the name of do-goodism that will not do an iota of good.&rdquo; <a href=""http://www.mcconnell.senate.gov/public/index.cfm?p=PressReleases&amp;ContentRecord_id=86948458-32b2-4cb2-9c3c-04b95f3304a3&amp;ContentType_id=f4c2c223-b5bb-41cf-9cab-3f5928c0c550&amp;c19bc7a5-2bb9-4a73-b2ab-3c1b5191a72b&amp;Group_id=9ba2cc16-fd2a-47d2-b2d3-0b0708b92b13"">Mitch McConnell decries</a> an environmental policy aimed at &ldquo;alleviating the guilt complexes of liberal elites&rdquo; whose costs would &ldquo;be borne by the Middle Class.&rdquo; But of course, climate change is already imposing huge costs&mdash;not just on the middle class, but on everybody who has to deal with unpredictable changes in animal and plant life, <a href=""http://droughtmonitor.unl.edu/Home/StateDroughtMonitor.aspx?CA"">unprecedented droughts</a>, superstorms, and more&mdash;not to mention the cost of huge coastal areas (home to some of the world&rsquo;s most economically-productive cities) being flooded by rising seawaters. </p>

<p>Opponents of action against climate change tend to conflate what&rsquo;s good for the economy with what&rsquo;s good for the fossil-fuel industry. But whatever economic costs are imposed by steps against climate change, they&rsquo;re all aimed at changing a trajectory that, from an environmental <em>and</em> economic standpoint, is utterly suicidal. Hayes is right: Climate activists resemble abolitionists in the far-reaching economic impact of their demands. But his point can be taken even further. Their opponents, like those who warned of the downfall of King Cotton, are far from the voice of economic sanity against pie-in-the-sky radicals. Instead, they represent a set of narrow special interests that would sacrifice everything&mdash;economy included&mdash;for the interests of a few.</p>
<p><em>Photo credit: <a href=""https://www.flickr.com/photos/liamq/"">Liam Quinn</a></em></p>",Arguments
1311117960,1383844188,c8ad228147db913fe431df3d28740528,http://kingmob.cgsociety.org/gallery/rss.xml,1311119640,"Star Burst Zombie",,http://kingmob.cgsociety.org/gallery/995132,http://kingmob.cgsociety.org/gallery/,"<img src=""http://features.cgsociety.org/newgallerycrits/g84/5784/5784_1311136006_small.jpg""><br><br>Another Starburst zombie, zbrush and photoshop again","kingmob's CGPortoflio Gallery"
1396950009,1396981293,d592861e798718f48a0b6fb1bd918348,http://presportal.ru/feed/,1412084465,,,,,,
1399039240,1399071476,2577efaf48d8eb674f787bea5cbd2e3d,http://www.rollingstone.com/rssxml/album_reviews.xml,1408421100,"So It Goes",,http://www.rollingstone.com/music/albumreviews/so-it-goes-20140502,http://www.rollingstone.com/music/albumreviews,"You won't hear any attempts to remake Reasonable Doubt or Illmatic on this hotly tipped New York rap trio's debut &ndash; these street rats are telling a new story Producer Sporting Life's lush chaotic beats back the group's two young MCs as they deliver intricate incantations about being high in...<p><a href=""http://www.rollingstone.com/music/albumreviews/so-it-goes-20140502""><img src=""http://assets-s3.rollingstone.com/assets/images/album_review/306x306/a1ex-0rsinl-sl1500-1399042033.jpg""></a></p>","RollingStone.com: Album Reviews"
1399255222,1399284730,31e08423d0f9f9cd7c66a0f2746f9013,http://w3.tbd.my/syndication.php?limit=15,1412306486,"salam perkenalan",,http://w3.tbd.my/thread-14736.html,http://w3.tbd.my/,"hallo members TBD, salam kenal...<br>
saya dr indonesia,  ijin belajar di negri seberang <img src=""http://w3.tbd.my/images/smilies/smile.png"" border=""0"" alt=""Smile"" title=""Smile""><br>
terimakasih.","TBD.my - All Forums"
1398985782,1399024819,512fa162ab865231cc65f97ca869cbed,http://keithjacks.tumblr.com/rss,1411753138,"""Hail Hydra,"" I whisper to myself as I use the last of the toilet paper without replacing it.",,http://keithjacks.tumblr.com/post/84465033742,http://keithjacks.tumblr.com/,"<p>""Hail Hydra,"" I whisper to myself as I use the last of the toilet paper without replacing it.</p>","Also, I can kill you with my brain"
1363621800,1383841357,0186d80071f4190292dd69b207367f35,http://art-and-sex.tumblr.com/rss,1412250329,Photo,,http://art-and-sex.tumblr.com/post/45676911487,http://art-and-sex.tumblr.com/,"<img src=""http://25.media.tumblr.com/tumblr_ldyad4OQMf1qfbon7o1_500.jpg""><br><br>","Art and Sex"
1398927600,1398951085,1103615fc930ffead01a1f6f999b4913,http://portal.nifty.com/rss/headline.rdf,1412301600,みりんって何？,,http://portal.nifty.com/kiji/140501164002_1.htm,http://portal.nifty.com/,"<img src=""http://portal.nifty.com/2014/05/01/c/img/pc/50.jpg"" alt=""&#12415;&#12426;&#12435;&#12387;&#12390;&#20309;&#65311;"" width=""50"" height=""50""> &#26009;&#29702;&#12395;&#12362;&#12369;&#12427;&#12415;&#12426;&#12435;&#12398;&#31435;&#12385;&#20301;&#32622;&#12364;&#12424;&#12367;&#12431;&#12363;&#12425;&#12394;&#12356;&#12290;&#12356;&#12388;&#12414;&#12391;&#12418;&#25918;&#12387;&#12390;&#12362;&#12363;&#12378;&#12395;&#12381;&#12429;&#12381;&#12429;&#30693;&#12429;&#12358;",デイリーポータルＺ：ヘッドライン
1398201703,1398239000,771dbdb978822f54c97508e1438f4459,http://smokinhotwives.tumblr.com/rss,1412022279,"Busty ballerina takes some great selfies!",,http://smokinhotwives.tumblr.com/post/83550889019,http://smokinhotwives.tumblr.com/,"<img src=""http://24.media.tumblr.com/78d3374c39f6a3bf205797ef72c3c0d6/tumblr_n4gbc7fyM51rcar8oo1_500.jpg""><br><br><p>Busty ballerina takes some great selfies!</p>","Smokin' Hot Wives &amp; GF's"
1385996400,1386180396,c6eb583a4244db2d12d6663452882000,http://eneken.ieej.or.jp/rss.php,1411916400,"PROSPECTS OF ENERGY EFFICIENCY IN ASEAN AND ASIA - ASIA/WORLD ENERGY OUTLOOK 2013",,http://eneken.ieej.or.jp/,http://eneken.ieej.or.jp/,"Singapore International Energy Week(2013&#24180;10&#26376;31&#26085;) &#30330;&#34920;&#36039;&#26009;","IEEJ The Institute of Energy Economics, Japan"
1312714140,1383833403,a3a5186be916185e047841c855dfb605,http://www.animefushigi.com/anime/baka-to-test-to-shoukanjuu/baka-to-test-to-shoukanjuu-ni/feed,1317438540,"Baka to Test to Shoukanjuu Ni! Episode 5",,http://www.animefushigi.com/watch/baka-to-test-to-shoukanjuu-ni-episode-5,http://www.animefushigi.com/,,"Anime Fushigi » Baka to Test to Shoukanjuu Ni!"
1329553560,1383826368,fec3bbd4c77585a56acbbc7e628608c7,http://pediatros-thes.gr/feed/,1383987360,"Mητρικός θηλασμός δώρο προς μητέρα, παιδί και κοινωνία",,http://pediatros-thes.gr/%CF%80%CE%B1%CF%81%CE%BF%CF%85%CF%83%CE%B9%CE%AC%CF%83%CE%B5%CE%B9%CF%82-powerpoint/m%CE%B7%CF%84%CF%81%CE%B9%CE%BA%CF%8C%CF%82-%CE%B8%CE%B7%CE%BB%CE%B1%CF%83%CE%BC%CF%8C%CF%82-%CE%B4%CF%8E%CF%81%CE%BF-%CF%80%CF%81%CE%BF%CF%82-%CE%BC%CE%B7%CF%84%CE%AD%CF%81%CE%B1-%CF%80%CE%B1%CE%B9/,http://pediatros-thes.gr/,"&Omicron;&mu;&iota;&lambda;&#943;&alpha; &tau;&omicron;&upsilon; &Sigma; &Pi;&alpha;&pi;&alpha;&beta;&#941;&nu;&tau;&sigma;&eta; &sigma;&tau;&alpha; &Gamma;&iota;&alpha;&nu;&nu;&iota;&tau;&sigma;&#940; &tau;&omicron; &Phi;&epsilon;&beta;&rho;&omicron;&upsilon;&#940;&rho;&iota;&omicron; 2012 &mu;&eta;&tau;&rho;&iota;&kappa;&#972;&sigmaf; &theta;&eta;&lambda;&alpha;&sigma;&mu;&#972;&sigmaf; &delta;&#974;&rho;&omicron; &pi;&rho;&omicron;&sigmaf; &mu;&eta;&tau;&#941;&rho;&alpha;, &pi;&alpha;&iota;&delta;&#943; &kappa;&alpha;&iota; &kappa;&omicron;&iota;&nu;&omega;&nu;&#943;&alpha; View more presentations from papave1.","Παιδίατρος Θεσσαλονίκη"
1384777147,1384777147,66cf754bdfbd78487ff8a2be0fb74ab8,http://twss.55uk.net/virtualabs,1393802703,:,,https://twitter.com//statuses/,http://twss.55uk.net/virtualabs,,"virtualabs on Twitter"
1397713030,1397717703,888c29c5129ac81dd6a26c00609f4989,http://hoyss.tumblr.com/rss,1411961243,"Collaborative collection from Nike and Pigalle (also known as...",,http://hoyss.tumblr.com/post/82970128954,http://hoyss.tumblr.com/,"<img src=""http://24.media.tumblr.com/4965319aa8c9b7ca61083c710dbd3de4/tumblr_n45u9yrA531rzg8gso1_500.jpg""><br><br><p><span>Collaborative collection from Nike and&nbsp;</span><a href=""http://www.pigalleparis.fr/"" target=""_blank"">Pigalle</a><span>&nbsp;(also known as PPP&mdash;Pain O ChoKolat, Pigalle Paris, Pompon)&nbsp;</span></p>",HOYSS
1397839738,1397865694,d921912a45b69d52367e6f48297d9672,http://news.opensuse.org/feed/,1411393361,"openSUSE Conference 2014 Program Ready",,https://news.opensuse.org/2014/04/18/opensuse-conference-2014-program-ready/,https://news.opensuse.org/,"<p><a href=""https://conference.opensuse.org/osem/conference/osc14/register""><img src=""https://news.opensuse.org/wp-content/uploads/2014/03/720x300-300x125.jpg"" alt=""Register now!"" width=""300"" height=""125""></a>The openSUSE CfP team has finished the schedule for the conference and put it up on <a href=""http://conference.opensuse.org/"">the website</a>.</p>
<p>Over 50 sessions during four days populate the four tracks. Serious space is reserved for the unconference part where attendees can schedule and organize sessions themselves. We already published a <a href=""https://news.opensuse.org/2014/03/11/sneak-preview-of-osc14-sessions/"">extended sneak peek</a> as well as information on the <a href=""https://news.opensuse.org/2014/03/05/osc14-keynote-confirmed-more-awesome-coming/"">keynote by Michael Meeks</a>.</p>
<p>The full program can be found <a href=""https://conference.opensuse.org/osem/conference/osc14/schedule"">here</a>.</p>","openSUSE News"
1397566494,1397579959,054afc9ed77aa7af591635148926e2b9,http://thesocialcomplex.tumblr.com/rss,1412220204,"Stop Heightism: High heels are never the answer",,http://thesocialcomplex.tumblr.com/post/82785900415,http://thesocialcomplex.tumblr.com/,"<a href=""http://stopheightism.blogspot.co.uk/2014/04/high-heels-are-never-answer.html"">Stop Heightism: High heels are never the answer</a>: <blockquote>
<p><strong>TSC</strong>: A beautiful analysis of the recent ABC radio broadcast about heightism by &ldquo;The Shorter Bloggess&rdquo;.&nbsp; As per usual, she does an amazing job and brings out some points that I hadn&rsquo;t considered. &nbsp;&nbsp; </p>
</blockquote>","The Social Complex"
1398215228,1398276539,17243960235504a95b131715b9f45472,http://2chbiyori.livedoor.biz/index.rdf,1404146273,,,,,,
1383858402,1383858402,bab3f24e9bee6b33e35657e77802abb3,http://www.uninformed.org/uninformed.rss,1383886671,"Post-Exploitation on Windows using ActiveX Controls",,http://uninformed.org/?v=1&amp;a=3&amp;t=sumry,http://uninformed.org/,"When exploiting software vulnerabilities it is sometimes impossible to build direct communication channels between a target machine and an attacker's machine due to restrictive outbound ...","Uninformed Journal"
1333500060,1383833550,9862c822e8617e9f5f1ce27ab22b902a,http://manningfamilyexcellentadventure.blogspot.com/feeds/posts/default,1368911700,"Did I miss something...",,http://manningfamilyexcellentadventure.blogspot.com/2012/04/did-i-miss-something.html,http://manningfamilyexcellentadventure.blogspot.com/,"Most observant folks might notice that when we got our referral we introduced our son as 'Devin Shawn <span>Bedilu</span> Manning'.  Last week when we announced that we passed court we introduced '<span>Bedilu</span> Michael Manning'....  Anyone confused???<div><br></div><div>The issue of naming in adoption is complicated.  There are good points to both sides - to keep the birth name or to change them.  I am not trying to start a debate here.  It is totally a personal choice and I really don't believe one way is better than the other - this is just the story of how we came to change his name and then change it back again :)  </div><div><br></div><div>We (for lots of very good reasons) had decided to change our son's name.  We thought about it long and hard and weighed the pros and cons.  We poured over baby name books and made list upon list of names to consider.  We choose a name we really liked - Devin - just because we liked it, Shawn for Mike's middle name and then <span>Bedilu</span> for his birth name.  At this time we also began calling our son <span>Bedi</span>.  My family tends to shorten names as nick names and <span>Bedi</span> has just kind of stuck all along.</div><div><br></div><div>Fast forward to meeting our son.  All of a sudden it just seemed right to keep his name.  Once we saw him we just knew he is a '<span>Bedilu</span>'.  <span>Bedilu</span> means 'by his luck'.  Now, I don't really believe in luck - I do believe that our lives are directed by God and that <span>Bedi</span> has come to us not by luck but by a Divine plan.  Changing his name 'back' to <span>Bedilu</span> wasn't a hard - it just feels right.  I know we messed a few people up who have been making us things with his name - so sorry for that :)  And that my friends, is the story of Devin/<span>Bedilu</span>.</div>","Mike and Brenda's Excellent Adventure"
1399037880,1399072000,26230a19dc3ca8e0fb38d568433c054b,http://strictlybeats.blogspot.com/feeds/posts/default,1412180160,"Broken Bubble – Second Variety",,http://strictlybeats.blogspot.com/2014/05/broken-bubble-second-variety.html,http://strictlybeats.blogspot.com/,"Second Variety by Broken Bubble","Strictly Beats"
1399312800,1399322184,e55799af22f91d040777befd9444458d,http://rss2.nerve.com/nerve,1401983100,"Conservatives Are More Willing to Swing, Reports Dubious Study",,http://www.nerve.com/love-sex/conservatives-are-more-willing-to-swing-reports-dubious-study,http://www.nerve.com/features,"Conservatives Are More Willing to Swing, Reports Dubious Study


	The survey, from swingers' site Heednly, says the Tea Party likes to key&hellip;","Nerve.com - Features"
1399031657,1399045385,806dd3cebc41a612cbaedfe28c54d70f,http://diehipster.wordpress.com/feed,1412095873,"Like, Improv. Like, Everywhere.",http://1.gravatar.com/blavatar/5dd0fbbd7585d88df178426f9a902fb8?s=96&amp;d=http%3A%2F%2Fs2.wp.com%2Fi%2Fbuttonw-com.png,http://diehipster.wordpress.com/2014/05/02/like-improv-like-everywhere/,http://diehipster.wordpress.com/,"<p>Here they are again &ndash; the douche breaths &ldquo;Improv Everywhere&rdquo;&nbsp;that brought you the &ldquo;No Pants LOOOOOOOK AT MEEEEEE Subway ride&rdquo; recently did a &ldquo;Pretend you&rsquo;re a mannequin at The Gap&rdquo; day. Police were called; their time was wasted on a bunch of cul-de-sacian beardos and Zooeys but no one was arrested. I agree that they shouldn&rsquo;t have been arrested &ndash; they should have been beaten to pulps&nbsp;with the hard plastic limbs of the actual mannequins. That would prevent them from doing this again &ndash; but now they will.</p>
<span></span>
<p>&nbsp;</p><br><a rel=""nofollow"" href=""http://feeds.wordpress.com/1.0/gocomments/diehipster.wordpress.com/4828/""><img alt="""" border=""0"" src=""http://feeds.wordpress.com/1.0/comments/diehipster.wordpress.com/4828/""></a> <img alt="""" border=""0"" src=""http://stats.wordpress.com/b.gif?host=diehipster.wordpress.com&amp;blog=11031583&amp;post=4828&amp;subd=diehipster&amp;ref=&amp;feed=1"" width=""1"" height=""1"">","D  I  E  H  I  P  S  T  E  R  .  C  O  M"